pedido,prato,data,preco,lucro
0001-agosto,Salmao Grelhado,26/08/2024,28.00,20.00
0002-agosto,Lasanha Bolonhesa,10/08/2024,21.00,13.00
0003-agosto,Lasanha Bolonhesa,17/08/2024,21.00,13.00
0004-agosto,Espaguete a Bolonhesa,19/08/2024,18.00,9.00
0005-agosto,Moqueca de Peixe,05/08/2024,18.00,11.00
0006-agosto,Strogonoff de Carne,10/08/2024,25.00,15.00
0007-agosto,Lasanha Bolonhesa,29/08/2024,21.00,13.00
0008-agosto,Strogonoff de Carne,27/08/2024,25.00,15.00
0009-agosto,Vatapa,05/08/2024,20.00,14.00
0010-agosto,Bife Acebolado,01/08/2024,28.00,18.00
0011-agosto,Lasanha Bolonhesa,22/08/2024,21.00,13.00
0012-agosto,Risoto de Camarao,06/08/2024,30.00,17.00
0013-agosto,Salmao Grelhado,16/08/2024,28.00,20.00
0014-agosto,Espaguete a Bolonhesa,27/08/2024,18.00,9.00
0015-agosto,Strogonoff de Carne,05/08/2024,25.00,15.00
0016-agosto,Pizza Margherita,06/08/2024,35.00,26.00
0017-agosto,Pizza Margherita,03/08/2024,35.00,26.00
0018-agosto,Risoto de Camarao,27/08/2024,30.00,17.00
0019-agosto,Vatapa,30/08/2024,20.00,14.00
0020-agosto,Moqueca de Peixe,10/08/2024,18.00,11.00
0021-agosto,Bife Acebolado,31/08/2024,28.00,18.00
0022-agosto,Lasanha Bolonhesa,30/08/2024,21.00,13.00
0023-agosto,Bife Acebolado,18/08/2024,28.00,18.00
0024-agosto,Pizza Margherita,13/08/2024,35.00,26.00
0025-agosto,Lasanha Bolonhesa,19/08/2024,21.00,13.00
0026-agosto,Moqueca de Peixe,08/08/2024,18.00,11.00
0027-agosto,Risoto de Camarao,18/08/2024,30.00,17.00
0028-agosto,Pizza Margherita,09/08/2024,35.00,26.00
0029-agosto,Risoto de Camarao,09/08/2024,30.00,17.00
0030-agosto,Salmao Grelhado,22/08/2024,28.00,20.00
0031-agosto,Risoto de Camarao,13/08/2024,30.00,17.00
0032-agosto,Strogonoff de Carne,25/08/2024,25.00,15.00
0033-agosto,Espaguete a Bolonhesa,26/08/2024,18.00,9.00
0034-agosto,Moqueca de Peixe,15/08/2024,18.00,11.00
0035-agosto,Moqueca de Peixe,15/08/2024,18.00,11.00
0036-agosto,Espaguete a Bolonhesa,16/08/2024,18.00,9.00
0037-agosto,Bife Acebolado,08/08/2024,28.00,18.00
0038-agosto,Salmao Grelhado,02/08/2024,28.00,20.00
0039-agosto,Strogonoff de Carne,09/08/2024,25.00,15.00
0040-agosto,Pizza Margherita,23/08/2024,35.00,26.00
0041-agosto,Salmao Grelhado,13/08/2024,28.00,20.00
0042-agosto,Salmao Grelhado,18/08/2024,28.00,20.00
0043-agosto,Pizza Margherita,29/08/2024,35.00,26.00
0044-agosto,Bife Acebolado,24/08/2024,28.00,18.00
0045-agosto,Moqueca de Peixe,12/08/2024,18.00,11.00
0046-agosto,Frango a Parmegiana,24/08/2024,17.00,10.00
0047-agosto,Salmao Grelhado,26/08/2024,28.00,20.00
0048-agosto,Salmao Grelhado,24/08/2024,28.00,20.00
0049-agosto,Salmao Grelhado,01/08/2024,28.00,20.00
0050-agosto,Pizza Margherita,07/08/2024,35.00,26.00
0051-agosto,Risoto de Camarao,08/08/2024,30.00,17.00
0052-agosto,Strogonoff de Carne,31/08/2024,25.00,15.00
0053-agosto,Frango a Parmegiana,11/08/2024,17.00,10.00
0054-agosto,Lasanha Bolonhesa,03/08/2024,21.00,13.00
0055-agosto,Vatapa,06/08/2024,20.00,14.00
0056-agosto,Vatapa,05/08/2024,20.00,14.00
0057-agosto,Vatapa,28/08/2024,20.00,14.00
0058-agosto,Espaguete a Bolonhesa,23/08/2024,18.00,9.00
0059-agosto,Lasanha Bolonhesa,07/08/2024,21.00,13.00
0060-agosto,Vatapa,23/08/2024,20.00,14.00
0061-agosto,Espaguete a Bolonhesa,16/08/2024,18.00,9.00
0062-agosto,Salmao Grelhado,09/08/2024,28.00,20.00
0063-agosto,Risoto de Camarao,01/08/2024,30.00,17.00
0064-agosto,Vatapa,29/08/2024,20.00,14.00
0065-agosto,Espaguete a Bolonhesa,12/08/2024,18.00,9.00
0066-agosto,Moqueca de Peixe,13/08/2024,18.00,11.00
0067-agosto,Strogonoff de Carne,23/08/2024,25.00,15.00
0068-agosto,Vatapa,10/08/2024,20.00,14.00
0069-agosto,Risoto de Camarao,06/08/2024,30.00,17.00
0070-agosto,Lasanha Bolonhesa,21/08/2024,21.00,13.00
0071-agosto,Moqueca de Peixe,31/08/2024,18.00,11.00
0072-agosto,Espaguete a Bolonhesa,02/08/2024,18.00,9.00
0073-agosto,Frango a Parmegiana,05/08/2024,17.00,10.00
0074-agosto,Moqueca de Peixe,28/08/2024,18.00,11.00
0075-agosto,Frango a Parmegiana,08/08/2024,17.00,10.00
0076-agosto,Vatapa,07/08/2024,20.00,14.00
0077-agosto,Risoto de Camarao,10/08/2024,30.00,17.00
0078-agosto,Lasanha Bolonhesa,24/08/2024,21.00,13.00
0079-agosto,Frango a Parmegiana,25/08/2024,17.00,10.00
0080-agosto,Bife Acebolado,17/08/2024,28.00,18.00
0081-agosto,Espaguete a Bolonhesa,23/08/2024,18.00,9.00
0082-agosto,Salmao Grelhado,28/08/2024,28.00,20.00
0083-agosto,Lasanha Bolonhesa,14/08/2024,21.00,13.00
0084-agosto,Salmao Grelhado,05/08/2024,28.00,20.00
0085-agosto,Frango a Parmegiana,01/08/2024,17.00,10.00
0086-agosto,Frango a Parmegiana,26/08/2024,17.00,10.00
0087-agosto,Frango a Parmegiana,05/08/2024,17.00,10.00
0088-agosto,Bife Acebolado,16/08/2024,28.00,18.00
0089-agosto,Strogonoff de Carne,21/08/2024,25.00,15.00
0090-agosto,Bife Acebolado,03/08/2024,28.00,18.00
0091-agosto,Pizza Margherita,14/08/2024,35.00,26.00
0092-agosto,Salmao Grelhado,10/08/2024,28.00,20.00
0093-agosto,Bife Acebolado,23/08/2024,28.00,18.00
0094-agosto,Vatapa,06/08/2024,20.00,14.00
0095-agosto,Risoto de Camarao,14/08/2024,30.00,17.00
0096-agosto,Bife Acebolado,11/08/2024,28.00,18.00
0097-agosto,Espaguete a Bolonhesa,14/08/2024,18.00,9.00
0098-agosto,Moqueca de Peixe,19/08/2024,18.00,11.00
0099-agosto,Vatapa,18/08/2024,20.00,14.00
0100-agosto,Pizza Margherita,31/08/2024,35.00,26.00
0101-agosto,Pizza Margherita,29/08/2024,35.00,26.00
0102-agosto,Pizza Margherita,17/08/2024,35.00,26.00
0103-agosto,Espaguete a Bolonhesa,12/08/2024,18.00,9.00
0104-agosto,Strogonoff de Carne,02/08/2024,25.00,15.00
0105-agosto,Pizza Margherita,14/08/2024,35.00,26.00
0106-agosto,Bife Acebolado,19/08/2024,28.00,18.00
0107-agosto,Vatapa,24/08/2024,20.00,14.00
0108-agosto,Salmao Grelhado,15/08/2024,28.00,20.00
0109-agosto,Risoto de Camarao,16/08/2024,30.00,17.00
0110-agosto,Frango a Parmegiana,26/08/2024,17.00,10.00
0111-agosto,Espaguete a Bolonhesa,14/08/2024,18.00,9.00
0112-agosto,Espaguete a Bolonhesa,17/08/2024,18.00,9.00
0113-agosto,Salmao Grelhado,18/08/2024,28.00,20.00
0114-agosto,Risoto de Camarao,21/08/2024,30.00,17.00
0115-agosto,Salmao Grelhado,26/08/2024,28.00,20.00
0116-agosto,Lasanha Bolonhesa,06/08/2024,21.00,13.00
0117-agosto,Moqueca de Peixe,19/08/2024,18.00,11.00
0118-agosto,Pizza Margherita,17/08/2024,35.00,26.00
0119-agosto,Bife Acebolado,12/08/2024,28.00,18.00
0120-agosto,Frango a Parmegiana,10/08/2024,17.00,10.00
0121-agosto,Frango a Parmegiana,19/08/2024,17.00,10.00
0122-agosto,Frango a Parmegiana,18/08/2024,17.00,10.00
0123-agosto,Moqueca de Peixe,26/08/2024,18.00,11.00
0124-agosto,Risoto de Camarao,02/08/2024,30.00,17.00
0125-agosto,Frango a Parmegiana,11/08/2024,17.00,10.00
0126-agosto,Salmao Grelhado,09/08/2024,28.00,20.00
0127-agosto,Salmao Grelhado,14/08/2024,28.00,20.00
0128-agosto,Vatapa,31/08/2024,20.00,14.00
0129-agosto,Salmao Grelhado,30/08/2024,28.00,20.00
0130-agosto,Risoto de Camarao,31/08/2024,30.00,17.00
0131-agosto,Salmao Grelhado,28/08/2024,28.00,20.00
0132-agosto,Pizza Margherita,21/08/2024,35.00,26.00
0133-agosto,Vatapa,18/08/2024,20.00,14.00
0134-agosto,Pizza Margherita,17/08/2024,35.00,26.00
0135-agosto,Lasanha Bolonhesa,31/08/2024,21.00,13.00
0136-agosto,Strogonoff de Carne,15/08/2024,25.00,15.00
0137-agosto,Salmao Grelhado,08/08/2024,28.00,20.00
0138-agosto,Salmao Grelhado,13/08/2024,28.00,20.00
0139-agosto,Moqueca de Peixe,27/08/2024,18.00,11.00
0140-agosto,Salmao Grelhado,19/08/2024,28.00,20.00
0141-agosto,Pizza Margherita,05/08/2024,35.00,26.00
0142-agosto,Vatapa,16/08/2024,20.00,14.00
0143-agosto,Bife Acebolado,10/08/2024,28.00,18.00
0144-agosto,Moqueca de Peixe,20/08/2024,18.00,11.00
0145-agosto,Lasanha Bolonhesa,25/08/2024,21.00,13.00
0146-agosto,Frango a Parmegiana,17/08/2024,17.00,10.00
0147-agosto,Bife Acebolado,07/08/2024,28.00,18.00
0148-agosto,Strogonoff de Carne,11/08/2024,25.00,15.00
0149-agosto,Strogonoff de Carne,31/08/2024,25.00,15.00
0150-agosto,Strogonoff de Carne,09/08/2024,25.00,15.00
0151-agosto,Vatapa,22/08/2024,20.00,14.00
0152-agosto,Vatapa,01/08/2024,20.00,14.00
0153-agosto,Moqueca de Peixe,25/08/2024,18.00,11.00
0154-agosto,Espaguete a Bolonhesa,27/08/2024,18.00,9.00
0155-agosto,Bife Acebolado,25/08/2024,28.00,18.00
0156-agosto,Frango a Parmegiana,19/08/2024,17.00,10.00
0157-agosto,Espaguete a Bolonhesa,15/08/2024,18.00,9.00
0158-agosto,Strogonoff de Carne,31/08/2024,25.00,15.00
0159-agosto,Frango a Parmegiana,09/08/2024,17.00,10.00
0160-agosto,Bife Acebolado,29/08/2024,28.00,18.00
0161-agosto,Espaguete a Bolonhesa,06/08/2024,18.00,9.00
0162-agosto,Vatapa,07/08/2024,20.00,14.00
0163-agosto,Lasanha Bolonhesa,20/08/2024,21.00,13.00
0164-agosto,Espaguete a Bolonhesa,22/08/2024,18.00,9.00
0165-agosto,Risoto de Camarao,16/08/2024,30.00,17.00
0166-agosto,Lasanha Bolonhesa,26/08/2024,21.00,13.00
0167-agosto,Salmao Grelhado,06/08/2024,28.00,20.00
0168-agosto,Moqueca de Peixe,01/08/2024,18.00,11.00
0169-agosto,Bife Acebolado,21/08/2024,28.00,18.00
0170-agosto,Risoto de Camarao,31/08/2024,30.00,17.00
0171-agosto,Vatapa,03/08/2024,20.00,14.00
0172-agosto,Bife Acebolado,02/08/2024,28.00,18.00
0173-agosto,Bife Acebolado,15/08/2024,28.00,18.00
0174-agosto,Espaguete a Bolonhesa,24/08/2024,18.00,9.00
0175-agosto,Espaguete a Bolonhesa,11/08/2024,18.00,9.00
0176-agosto,Strogonoff de Carne,30/08/2024,25.00,15.00
0177-agosto,Moqueca de Peixe,11/08/2024,18.00,11.00
0178-agosto,Salmao Grelhado,22/08/2024,28.00,20.00
0179-agosto,Moqueca de Peixe,01/08/2024,18.00,11.00
0180-agosto,Frango a Parmegiana,23/08/2024,17.00,10.00
0181-agosto,Bife Acebolado,07/08/2024,28.00,18.00
0182-agosto,Lasanha Bolonhesa,31/08/2024,21.00,13.00
0183-agosto,Bife Acebolado,22/08/2024,28.00,18.00
0184-agosto,Risoto de Camarao,18/08/2024,30.00,17.00
0185-agosto,Pizza Margherita,02/08/2024,35.00,26.00
0186-agosto,Moqueca de Peixe,29/08/2024,18.00,11.00
0187-agosto,Risoto de Camarao,07/08/2024,30.00,17.00
0188-agosto,Moqueca de Peixe,12/08/2024,18.00,11.00
0189-agosto,Lasanha Bolonhesa,21/08/2024,21.00,13.00
0190-agosto,Moqueca de Peixe,12/08/2024,18.00,11.00
0191-agosto,Salmao Grelhado,02/08/2024,28.00,20.00
0192-agosto,Espaguete a Bolonhesa,24/08/2024,18.00,9.00
0193-agosto,Vatapa,08/08/2024,20.00,14.00
0194-agosto,Lasanha Bolonhesa,22/08/2024,21.00,13.00
0195-agosto,Bife Acebolado,31/08/2024,28.00,18.00
0196-agosto,Lasanha Bolonhesa,14/08/2024,21.00,13.00
0197-agosto,Frango a Parmegiana,28/08/2024,17.00,10.00
0198-agosto,Pizza Margherita,21/08/2024,35.00,26.00
0199-agosto,Moqueca de Peixe,12/08/2024,18.00,11.00
0200-agosto,Strogonoff de Carne,28/08/2024,25.00,15.00
0201-agosto,Pizza Margherita,07/08/2024,35.00,26.00
0202-agosto,Bife Acebolado,05/08/2024,28.00,18.00
0203-agosto,Lasanha Bolonhesa,06/08/2024,21.00,13.00
0204-agosto,Moqueca de Peixe,26/08/2024,18.00,11.00
0205-agosto,Vatapa,30/08/2024,20.00,14.00
0206-agosto,Pizza Margherita,10/08/2024,35.00,26.00
0207-agosto,Espaguete a Bolonhesa,06/08/2024,18.00,9.00
0208-agosto,Moqueca de Peixe,12/08/2024,18.00,11.00
0209-agosto,Strogonoff de Carne,14/08/2024,25.00,15.00
0210-agosto,Pizza Margherita,27/08/2024,35.00,26.00
0211-agosto,Strogonoff de Carne,01/08/2024,25.00,15.00
0212-agosto,Pizza Margherita,05/08/2024,35.00,26.00
0213-agosto,Risoto de Camarao,19/08/2024,30.00,17.00
0214-agosto,Salmao Grelhado,25/08/2024,28.00,20.00
0215-agosto,Risoto de Camarao,07/08/2024,30.00,17.00
0216-agosto,Bife Acebolado,26/08/2024,28.00,18.00
0217-agosto,Salmao Grelhado,31/08/2024,28.00,20.00
0218-agosto,Moqueca de Peixe,10/08/2024,18.00,11.00
0219-agosto,Moqueca de Peixe,05/08/2024,18.00,11.00
0220-agosto,Bife Acebolado,20/08/2024,28.00,18.00
0221-agosto,Espaguete a Bolonhesa,28/08/2024,18.00,9.00
0222-agosto,Risoto de Camarao,08/08/2024,30.00,17.00
0223-agosto,Pizza Margherita,10/08/2024,35.00,26.00
0224-agosto,Lasanha Bolonhesa,20/08/2024,21.00,13.00
0225-agosto,Moqueca de Peixe,10/08/2024,18.00,11.00
0226-agosto,Risoto de Camarao,20/08/2024,30.00,17.00
0227-agosto,Lasanha Bolonhesa,05/08/2024,21.00,13.00
0228-agosto,Vatapa,25/08/2024,20.00,14.00
0229-agosto,Moqueca de Peixe,23/08/2024,18.00,11.00
0230-agosto,Lasanha Bolonhesa,16/08/2024,21.00,13.00
0231-agosto,Salmao Grelhado,31/08/2024,28.00,20.00
0232-agosto,Moqueca de Peixe,04/08/2024,18.00,11.00
0233-agosto,Salmao Grelhado,12/08/2024,28.00,20.00
0234-agosto,Bife Acebolado,08/08/2024,28.00,18.00
0235-agosto,Lasanha Bolonhesa,17/08/2024,21.00,13.00
0236-agosto,Lasanha Bolonhesa,04/08/2024,21.00,13.00
0237-agosto,Frango a Parmegiana,04/08/2024,17.00,10.00
0238-agosto,Strogonoff de Carne,22/08/2024,25.00,15.00
0239-agosto,Strogonoff de Carne,17/08/2024,25.00,15.00
0240-agosto,Strogonoff de Carne,08/08/2024,25.00,15.00
0241-agosto,Frango a Parmegiana,22/08/2024,17.00,10.00
0242-agosto,Espaguete a Bolonhesa,21/08/2024,18.00,9.00
0243-agosto,Espaguete a Bolonhesa,12/08/2024,18.00,9.00
0244-agosto,Moqueca de Peixe,02/08/2024,18.00,11.00
0245-agosto,Pizza Margherita,17/08/2024,35.00,26.00
0246-agosto,Salmao Grelhado,15/08/2024,28.00,20.00
0247-agosto,Salmao Grelhado,11/08/2024,28.00,20.00
0248-agosto,Strogonoff de Carne,07/08/2024,25.00,15.00
0249-agosto,Risoto de Camarao,21/08/2024,30.00,17.00
0250-agosto,Frango a Parmegiana,11/08/2024,17.00,10.00
0251-agosto,Strogonoff de Carne,26/08/2024,25.00,15.00
0252-agosto,Pizza Margherita,20/08/2024,35.00,26.00
0253-agosto,Moqueca de Peixe,16/08/2024,18.00,11.00
0254-agosto,Pizza Margherita,08/08/2024,35.00,26.00
0255-agosto,Salmao Grelhado,16/08/2024,28.00,20.00
0256-agosto,Risoto de Camarao,07/08/2024,30.00,17.00
0257-agosto,Strogonoff de Carne,05/08/2024,25.00,15.00
0258-agosto,Frango a Parmegiana,02/08/2024,17.00,10.00
0259-agosto,Frango a Parmegiana,22/08/2024,17.00,10.00
0260-agosto,Bife Acebolado,13/08/2024,28.00,18.00
0261-agosto,Pizza Margherita,15/08/2024,35.00,26.00
0262-agosto,Bife Acebolado,12/08/2024,28.00,18.00
0263-agosto,Risoto de Camarao,12/08/2024,30.00,17.00
0264-agosto,Espaguete a Bolonhesa,22/08/2024,18.00,9.00
0265-agosto,Strogonoff de Carne,06/08/2024,25.00,15.00
0266-agosto,Risoto de Camarao,16/08/2024,30.00,17.00
0267-agosto,Salmao Grelhado,10/08/2024,28.00,20.00
0268-agosto,Risoto de Camarao,28/08/2024,30.00,17.00
0269-agosto,Frango a Parmegiana,08/08/2024,17.00,10.00
0270-agosto,Pizza Margherita,30/08/2024,35.00,26.00
0271-agosto,Frango a Parmegiana,11/08/2024,17.00,10.00
0272-agosto,Risoto de Camarao,03/08/2024,30.00,17.00
0273-agosto,Espaguete a Bolonhesa,06/08/2024,18.00,9.00
0274-agosto,Pizza Margherita,13/08/2024,35.00,26.00
0275-agosto,Frango a Parmegiana,25/08/2024,17.00,10.00
0276-agosto,Lasanha Bolonhesa,16/08/2024,21.00,13.00
0277-agosto,Frango a Parmegiana,16/08/2024,17.00,10.00
0278-agosto,Bife Acebolado,29/08/2024,28.00,18.00
0279-agosto,Pizza Margherita,13/08/2024,35.00,26.00
0280-agosto,Strogonoff de Carne,05/08/2024,25.00,15.00
0281-agosto,Moqueca de Peixe,16/08/2024,18.00,11.00
0282-agosto,Lasanha Bolonhesa,15/08/2024,21.00,13.00
0283-agosto,Risoto de Camarao,07/08/2024,30.00,17.00
0284-agosto,Bife Acebolado,27/08/2024,28.00,18.00
0285-agosto,Espaguete a Bolonhesa,16/08/2024,18.00,9.00
0286-agosto,Risoto de Camarao,22/08/2024,30.00,17.00
0287-agosto,Vatapa,31/08/2024,20.00,14.00
0288-agosto,Espaguete a Bolonhesa,16/08/2024,18.00,9.00
0289-agosto,Frango a Parmegiana,29/08/2024,17.00,10.00
0290-agosto,Bife Acebolado,13/08/2024,28.00,18.00
0291-agosto,Pizza Margherita,16/08/2024,35.00,26.00
0292-agosto,Frango a Parmegiana,30/08/2024,17.00,10.00
0293-agosto,Bife Acebolado,29/08/2024,28.00,18.00
0294-agosto,Lasanha Bolonhesa,12/08/2024,21.00,13.00
0295-agosto,Vatapa,14/08/2024,20.00,14.00
0296-agosto,Bife Acebolado,31/08/2024,28.00,18.00
0297-agosto,Frango a Parmegiana,16/08/2024,17.00,10.00
0298-agosto,Pizza Margherita,03/08/2024,35.00,26.00
0299-agosto,Risoto de Camarao,21/08/2024,30.00,17.00
0300-agosto,Lasanha Bolonhesa,18/08/2024,21.00,13.00
0301-agosto,Espaguete a Bolonhesa,25/08/2024,18.00,9.00
0302-agosto,Moqueca de Peixe,21/08/2024,18.00,11.00
0303-agosto,Vatapa,22/08/2024,20.00,14.00
0304-agosto,Bife Acebolado,07/08/2024,28.00,18.00
0305-agosto,Strogonoff de Carne,01/08/2024,25.00,15.00
0306-agosto,Bife Acebolado,09/08/2024,28.00,18.00
0307-agosto,Vatapa,28/08/2024,20.00,14.00
0308-agosto,Bife Acebolado,28/08/2024,28.00,18.00
0309-agosto,Salmao Grelhado,08/08/2024,28.00,20.00
0310-agosto,Frango a Parmegiana,29/08/2024,17.00,10.00
0311-agosto,Lasanha Bolonhesa,25/08/2024,21.00,13.00
0312-agosto,Risoto de Camarao,30/08/2024,30.00,17.00
0313-agosto,Bife Acebolado,06/08/2024,28.00,18.00
0314-agosto,Lasanha Bolonhesa,21/08/2024,21.00,13.00
0315-agosto,Pizza Margherita,19/08/2024,35.00,26.00
0316-agosto,Frango a Parmegiana,01/08/2024,17.00,10.00
0317-agosto,Strogonoff de Carne,23/08/2024,25.00,15.00
0318-agosto,Pizza Margherita,13/08/2024,35.00,26.00
0319-agosto,Frango a Parmegiana,14/08/2024,17.00,10.00
0320-agosto,Strogonoff de Carne,10/08/2024,25.00,15.00
0321-agosto,Lasanha Bolonhesa,13/08/2024,21.00,13.00
0322-agosto,Salmao Grelhado,09/08/2024,28.00,20.00
0323-agosto,Vatapa,07/08/2024,20.00,14.00
0324-agosto,Bife Acebolado,12/08/2024,28.00,18.00
0325-agosto,Pizza Margherita,21/08/2024,35.00,26.00
0326-agosto,Vatapa,11/08/2024,20.00,14.00
0327-agosto,Frango a Parmegiana,29/08/2024,17.00,10.00
0328-agosto,Bife Acebolado,19/08/2024,28.00,18.00
0329-agosto,Vatapa,20/08/2024,20.00,14.00
0330-agosto,Frango a Parmegiana,11/08/2024,17.00,10.00
0331-agosto,Frango a Parmegiana,02/08/2024,17.00,10.00
0332-agosto,Vatapa,27/08/2024,20.00,14.00
0333-agosto,Pizza Margherita,13/08/2024,35.00,26.00
0334-agosto,Frango a Parmegiana,06/08/2024,17.00,10.00
0335-agosto,Frango a Parmegiana,19/08/2024,17.00,10.00
0336-agosto,Risoto de Camarao,10/08/2024,30.00,17.00
0337-agosto,Lasanha Bolonhesa,27/08/2024,21.00,13.00
0338-agosto,Frango a Parmegiana,24/08/2024,17.00,10.00
0339-agosto,Strogonoff de Carne,12/08/2024,25.00,15.00
0340-agosto,Frango a Parmegiana,01/08/2024,17.00,10.00
0341-agosto,Strogonoff de Carne,21/08/2024,25.00,15.00
0342-agosto,Frango a Parmegiana,22/08/2024,17.00,10.00
0343-agosto,Strogonoff de Carne,09/08/2024,25.00,15.00
0344-agosto,Salmao Grelhado,03/08/2024,28.00,20.00
0345-agosto,Pizza Margherita,16/08/2024,35.00,26.00
0346-agosto,Pizza Margherita,17/08/2024,35.00,26.00
0347-agosto,Pizza Margherita,10/08/2024,35.00,26.00
0348-agosto,Salmao Grelhado,19/08/2024,28.00,20.00
0349-agosto,Lasanha Bolonhesa,06/08/2024,21.00,13.00
0350-agosto,Frango a Parmegiana,16/08/2024,17.00,10.00
0351-agosto,Pizza Margherita,22/08/2024,35.00,26.00
0352-agosto,Vatapa,04/08/2024,20.00,14.00
0353-agosto,Frango a Parmegiana,02/08/2024,17.00,10.00
0354-agosto,Pizza Margherita,02/08/2024,35.00,26.00
0355-agosto,Lasanha Bolonhesa,29/08/2024,21.00,13.00
0356-agosto,Frango a Parmegiana,27/08/2024,17.00,10.00
0357-agosto,Vatapa,17/08/2024,20.00,14.00
0358-agosto,Pizza Margherita,21/08/2024,35.00,26.00
0359-agosto,Frango a Parmegiana,27/08/2024,17.00,10.00
0360-agosto,Pizza Margherita,05/08/2024,35.00,26.00
0361-agosto,Strogonoff de Carne,27/08/2024,25.00,15.00
0362-agosto,Strogonoff de Carne,25/08/2024,25.00,15.00
0363-agosto,Vatapa,12/08/2024,20.00,14.00
0364-agosto,Vatapa,30/08/2024,20.00,14.00
0365-agosto,Bife Acebolado,08/08/2024,28.00,18.00
0366-agosto,Moqueca de Peixe,27/08/2024,18.00,11.00
0367-agosto,Frango a Parmegiana,21/08/2024,17.00,10.00
0368-agosto,Espaguete a Bolonhesa,26/08/2024,18.00,9.00
0369-agosto,Bife Acebolado,29/08/2024,28.00,18.00
0370-agosto,Vatapa,09/08/2024,20.00,14.00
0371-agosto,Salmao Grelhado,28/08/2024,28.00,20.00
0372-agosto,Bife Acebolado,17/08/2024,28.00,18.00
0373-agosto,Pizza Margherita,19/08/2024,35.00,26.00
0374-agosto,Vatapa,11/08/2024,20.00,14.00
0375-agosto,Moqueca de Peixe,01/08/2024,18.00,11.00
0376-agosto,Pizza Margherita,09/08/2024,35.00,26.00
0377-agosto,Pizza Margherita,28/08/2024,35.00,26.00
0378-agosto,Frango a Parmegiana,15/08/2024,17.00,10.00
0379-agosto,Frango a Parmegiana,08/08/2024,17.00,10.00
0380-agosto,Vatapa,02/08/2024,20.00,14.00
0381-agosto,Salmao Grelhado,05/08/2024,28.00,20.00
0382-agosto,Salmao Grelhado,31/08/2024,28.00,20.00
0383-agosto,Lasanha Bolonhesa,08/08/2024,21.00,13.00
0384-agosto,Vatapa,14/08/2024,20.00,14.00
0385-agosto,Espaguete a Bolonhesa,09/08/2024,18.00,9.00
0386-agosto,Frango a Parmegiana,05/08/2024,17.00,10.00
0387-agosto,Espaguete a Bolonhesa,01/08/2024,18.00,9.00
0388-agosto,Risoto de Camarao,07/08/2024,30.00,17.00
0389-agosto,Pizza Margherita,12/08/2024,35.00,26.00
0390-agosto,Salmao Grelhado,28/08/2024,28.00,20.00
0391-agosto,Lasanha Bolonhesa,21/08/2024,21.00,13.00
0392-agosto,Lasanha Bolonhesa,24/08/2024,21.00,13.00
0393-agosto,Vatapa,23/08/2024,20.00,14.00
0394-agosto,Lasanha Bolonhesa,20/08/2024,21.00,13.00
0395-agosto,Frango a Parmegiana,08/08/2024,17.00,10.00
0396-agosto,Vatapa,04/08/2024,20.00,14.00
0397-agosto,Risoto de Camarao,23/08/2024,30.00,17.00
0398-agosto,Espaguete a Bolonhesa,31/08/2024,18.00,9.00
0399-agosto,Vatapa,09/08/2024,20.00,14.00
0400-agosto,Risoto de Camarao,20/08/2024,30.00,17.00
0401-agosto,Frango a Parmegiana,09/08/2024,17.00,10.00
0402-agosto,Espaguete a Bolonhesa,11/08/2024,18.00,9.00
0403-agosto,Risoto de Camarao,06/08/2024,30.00,17.00
0404-agosto,Salmao Grelhado,31/08/2024,28.00,20.00
0405-agosto,Salmao Grelhado,15/08/2024,28.00,20.00
0406-agosto,Pizza Margherita,03/08/2024,35.00,26.00
0407-agosto,Moqueca de Peixe,23/08/2024,18.00,11.00
0408-agosto,Bife Acebolado,31/08/2024,28.00,18.00
0409-agosto,Strogonoff de Carne,28/08/2024,25.00,15.00
0410-agosto,Risoto de Camarao,30/08/2024,30.00,17.00
0411-agosto,Strogonoff de Carne,19/08/2024,25.00,15.00
0412-agosto,Salmao Grelhado,20/08/2024,28.00,20.00
0413-agosto,Risoto de Camarao,29/08/2024,30.00,17.00
0414-agosto,Vatapa,21/08/2024,20.00,14.00
0415-agosto,Moqueca de Peixe,14/08/2024,18.00,11.00
0416-agosto,Espaguete a Bolonhesa,16/08/2024,18.00,9.00
0417-agosto,Risoto de Camarao,15/08/2024,30.00,17.00
0418-agosto,Moqueca de Peixe,10/08/2024,18.00,11.00
0419-agosto,Salmao Grelhado,01/08/2024,28.00,20.00
0420-agosto,Strogonoff de Carne,08/08/2024,25.00,15.00
0421-agosto,Lasanha Bolonhesa,19/08/2024,21.00,13.00
0422-agosto,Salmao Grelhado,24/08/2024,28.00,20.00
0423-agosto,Frango a Parmegiana,08/08/2024,17.00,10.00
0424-agosto,Moqueca de Peixe,12/08/2024,18.00,11.00
0425-agosto,Bife Acebolado,20/08/2024,28.00,18.00
0426-agosto,Risoto de Camarao,25/08/2024,30.00,17.00
0427-agosto,Moqueca de Peixe,18/08/2024,18.00,11.00
0428-agosto,Vatapa,18/08/2024,20.00,14.00
0429-agosto,Vatapa,27/08/2024,20.00,14.00
0430-agosto,Strogonoff de Carne,20/08/2024,25.00,15.00
0431-agosto,Espaguete a Bolonhesa,09/08/2024,18.00,9.00
0432-agosto,Vatapa,07/08/2024,20.00,14.00
0433-agosto,Espaguete a Bolonhesa,04/08/2024,18.00,9.00
0434-agosto,Frango a Parmegiana,19/08/2024,17.00,10.00
0435-agosto,Risoto de Camarao,24/08/2024,30.00,17.00
0436-agosto,Bife Acebolado,20/08/2024,28.00,18.00
0437-agosto,Pizza Margherita,30/08/2024,35.00,26.00
0438-agosto,Lasanha Bolonhesa,13/08/2024,21.00,13.00
0439-agosto,Risoto de Camarao,01/08/2024,30.00,17.00
0440-agosto,Bife Acebolado,08/08/2024,28.00,18.00
0441-agosto,Pizza Margherita,14/08/2024,35.00,26.00
0442-agosto,Pizza Margherita,09/08/2024,35.00,26.00
0443-agosto,Lasanha Bolonhesa,10/08/2024,21.00,13.00
0444-agosto,Vatapa,18/08/2024,20.00,14.00
0445-agosto,Lasanha Bolonhesa,02/08/2024,21.00,13.00
0446-agosto,Salmao Grelhado,05/08/2024,28.00,20.00
0447-agosto,Risoto de Camarao,11/08/2024,30.00,17.00
0448-agosto,Bife Acebolado,08/08/2024,28.00,18.00
0449-agosto,Risoto de Camarao,23/08/2024,30.00,17.00
0450-agosto,Vatapa,10/08/2024,20.00,14.00
0451-agosto,Vatapa,20/08/2024,20.00,14.00
0452-agosto,Pizza Margherita,12/08/2024,35.00,26.00
0453-agosto,Frango a Parmegiana,26/08/2024,17.00,10.00
0454-agosto,Espaguete a Bolonhesa,27/08/2024,18.00,9.00
0455-agosto,Lasanha Bolonhesa,19/08/2024,21.00,13.00
0456-agosto,Pizza Margherita,03/08/2024,35.00,26.00
0457-agosto,Espaguete a Bolonhesa,11/08/2024,18.00,9.00
0458-agosto,Risoto de Camarao,18/08/2024,30.00,17.00
0459-agosto,Strogonoff de Carne,31/08/2024,25.00,15.00
0460-agosto,Strogonoff de Carne,19/08/2024,25.00,15.00
0461-agosto,Pizza Margherita,22/08/2024,35.00,26.00
0462-agosto,Strogonoff de Carne,27/08/2024,25.00,15.00
0463-agosto,Risoto de Camarao,01/08/2024,30.00,17.00
0464-agosto,Espaguete a Bolonhesa,28/08/2024,18.00,9.00
0465-agosto,Lasanha Bolonhesa,17/08/2024,21.00,13.00
0466-agosto,Bife Acebolado,29/08/2024,28.00,18.00
0467-agosto,Lasanha Bolonhesa,22/08/2024,21.00,13.00
0468-agosto,Frango a Parmegiana,07/08/2024,17.00,10.00
0469-agosto,Pizza Margherita,25/08/2024,35.00,26.00
0470-agosto,Vatapa,10/08/2024,20.00,14.00
0471-agosto,Vatapa,02/08/2024,20.00,14.00
0472-agosto,Lasanha Bolonhesa,04/08/2024,21.00,13.00
0473-agosto,Bife Acebolado,04/08/2024,28.00,18.00
0474-agosto,Vatapa,07/08/2024,20.00,14.00
0475-agosto,Salmao Grelhado,19/08/2024,28.00,20.00
0476-agosto,Moqueca de Peixe,01/08/2024,18.00,11.00
0477-agosto,Espaguete a Bolonhesa,02/08/2024,18.00,9.00
0478-agosto,Strogonoff de Carne,01/08/2024,25.00,15.00
0479-agosto,Pizza Margherita,21/08/2024,35.00,26.00
0480-agosto,Moqueca de Peixe,01/08/2024,18.00,11.00
0481-agosto,Lasanha Bolonhesa,17/08/2024,21.00,13.00
0482-agosto,Strogonoff de Carne,08/08/2024,25.00,15.00
0483-agosto,Risoto de Camarao,13/08/2024,30.00,17.00
0484-agosto,Bife Acebolado,07/08/2024,28.00,18.00
0485-agosto,Moqueca de Peixe,14/08/2024,18.00,11.00
0486-agosto,Vatapa,27/08/2024,20.00,14.00
0487-agosto,Pizza Margherita,24/08/2024,35.00,26.00
0488-agosto,Espaguete a Bolonhesa,28/08/2024,18.00,9.00
0489-agosto,Vatapa,27/08/2024,20.00,14.00
0490-agosto,Pizza Margherita,05/08/2024,35.00,26.00
0491-agosto,Vatapa,08/08/2024,20.00,14.00
0492-agosto,Moqueca de Peixe,18/08/2024,18.00,11.00
0493-agosto,Strogonoff de Carne,22/08/2024,25.00,15.00
0494-agosto,Vatapa,13/08/2024,20.00,14.00
0495-agosto,Risoto de Camarao,27/08/2024,30.00,17.00
0496-agosto,Pizza Margherita,28/08/2024,35.00,26.00
0497-agosto,Risoto de Camarao,25/08/2024,30.00,17.00
0498-agosto,Salmao Grelhado,05/08/2024,28.00,20.00
0499-agosto,Vatapa,11/08/2024,20.00,14.00
0500-agosto,Moqueca de Peixe,19/08/2024,18.00,11.00
0501-agosto,Lasanha Bolonhesa,21/08/2024,21.00,13.00
0502-agosto,Pizza Margherita,01/08/2024,35.00,26.00
0503-agosto,Salmao Grelhado,08/08/2024,28.00,20.00
0504-agosto,Salmao Grelhado,16/08/2024,28.00,20.00
0505-agosto,Bife Acebolado,04/08/2024,28.00,18.00
0506-agosto,Moqueca de Peixe,18/08/2024,18.00,11.00
0507-agosto,Pizza Margherita,20/08/2024,35.00,26.00
0508-agosto,Pizza Margherita,19/08/2024,35.00,26.00
0509-agosto,Pizza Margherita,19/08/2024,35.00,26.00
0510-agosto,Risoto de Camarao,21/08/2024,30.00,17.00
0511-agosto,Lasanha Bolonhesa,26/08/2024,21.00,13.00
0512-agosto,Salmao Grelhado,07/08/2024,28.00,20.00
0513-agosto,Pizza Margherita,07/08/2024,35.00,26.00
0514-agosto,Lasanha Bolonhesa,04/08/2024,21.00,13.00
0515-agosto,Salmao Grelhado,05/08/2024,28.00,20.00
0516-agosto,Salmao Grelhado,16/08/2024,28.00,20.00
0517-agosto,Espaguete a Bolonhesa,29/08/2024,18.00,9.00
0518-agosto,Moqueca de Peixe,19/08/2024,18.00,11.00
0519-agosto,Pizza Margherita,21/08/2024,35.00,26.00
0520-agosto,Espaguete a Bolonhesa,24/08/2024,18.00,9.00
0521-agosto,Moqueca de Peixe,02/08/2024,18.00,11.00
0522-agosto,Pizza Margherita,02/08/2024,35.00,26.00
0523-agosto,Moqueca de Peixe,17/08/2024,18.00,11.00
0524-agosto,Salmao Grelhado,24/08/2024,28.00,20.00
0525-agosto,Lasanha Bolonhesa,22/08/2024,21.00,13.00
0526-agosto,Lasanha Bolonhesa,03/08/2024,21.00,13.00
0527-agosto,Moqueca de Peixe,06/08/2024,18.00,11.00
0528-agosto,Salmao Grelhado,01/08/2024,28.00,20.00
0529-agosto,Bife Acebolado,12/08/2024,28.00,18.00
0530-agosto,Moqueca de Peixe,31/08/2024,18.00,11.00
0531-agosto,Risoto de Camarao,31/08/2024,30.00,17.00
0532-agosto,Espaguete a Bolonhesa,21/08/2024,18.00,9.00
0533-agosto,Risoto de Camarao,30/08/2024,30.00,17.00
0534-agosto,Risoto de Camarao,27/08/2024,30.00,17.00
0535-agosto,Moqueca de Peixe,10/08/2024,18.00,11.00
0536-agosto,Moqueca de Peixe,23/08/2024,18.00,11.00
0537-agosto,Moqueca de Peixe,16/08/2024,18.00,11.00
0538-agosto,Vatapa,31/08/2024,20.00,14.00
0539-agosto,Strogonoff de Carne,22/08/2024,25.00,15.00
0540-agosto,Espaguete a Bolonhesa,27/08/2024,18.00,9.00
0541-agosto,Lasanha Bolonhesa,14/08/2024,21.00,13.00
0542-agosto,Frango a Parmegiana,27/08/2024,17.00,10.00
0543-agosto,Salmao Grelhado,05/08/2024,28.00,20.00
0544-agosto,Moqueca de Peixe,13/08/2024,18.00,11.00
0545-agosto,Pizza Margherita,30/08/2024,35.00,26.00
0546-agosto,Pizza Margherita,26/08/2024,35.00,26.00
0547-agosto,Moqueca de Peixe,03/08/2024,18.00,11.00
0548-agosto,Lasanha Bolonhesa,18/08/2024,21.00,13.00
0549-agosto,Salmao Grelhado,08/08/2024,28.00,20.00
0550-agosto,Frango a Parmegiana,02/08/2024,17.00,10.00
0551-agosto,Lasanha Bolonhesa,06/08/2024,21.00,13.00
0552-agosto,Bife Acebolado,21/08/2024,28.00,18.00
0553-agosto,Pizza Margherita,03/08/2024,35.00,26.00
0554-agosto,Bife Acebolado,31/08/2024,28.00,18.00
0555-agosto,Lasanha Bolonhesa,07/08/2024,21.00,13.00
0556-agosto,Pizza Margherita,07/08/2024,35.00,26.00
0557-agosto,Vatapa,11/08/2024,20.00,14.00
0558-agosto,Strogonoff de Carne,31/08/2024,25.00,15.00
0559-agosto,Frango a Parmegiana,18/08/2024,17.00,10.00
0560-agosto,Risoto de Camarao,24/08/2024,30.00,17.00
0561-agosto,Salmao Grelhado,17/08/2024,28.00,20.00
0562-agosto,Vatapa,08/08/2024,20.00,14.00
0563-agosto,Moqueca de Peixe,10/08/2024,18.00,11.00
0564-agosto,Salmao Grelhado,30/08/2024,28.00,20.00
0565-agosto,Risoto de Camarao,05/08/2024,30.00,17.00
0566-agosto,Frango a Parmegiana,28/08/2024,17.00,10.00
0567-agosto,Lasanha Bolonhesa,10/08/2024,21.00,13.00
0568-agosto,Espaguete a Bolonhesa,12/08/2024,18.00,9.00
0569-agosto,Moqueca de Peixe,14/08/2024,18.00,11.00
0570-agosto,Lasanha Bolonhesa,15/08/2024,21.00,13.00
0571-agosto,Risoto de Camarao,13/08/2024,30.00,17.00
0572-agosto,Espaguete a Bolonhesa,01/08/2024,18.00,9.00
0573-agosto,Lasanha Bolonhesa,26/08/2024,21.00,13.00
0574-agosto,Vatapa,29/08/2024,20.00,14.00
0575-agosto,Lasanha Bolonhesa,24/08/2024,21.00,13.00
0576-agosto,Pizza Margherita,08/08/2024,35.00,26.00
0577-agosto,Espaguete a Bolonhesa,26/08/2024,18.00,9.00
0578-agosto,Lasanha Bolonhesa,25/08/2024,21.00,13.00
0579-agosto,Strogonoff de Carne,22/08/2024,25.00,15.00
0580-agosto,Salmao Grelhado,11/08/2024,28.00,20.00
0581-agosto,Salmao Grelhado,14/08/2024,28.00,20.00
0582-agosto,Lasanha Bolonhesa,09/08/2024,21.00,13.00
0583-agosto,Frango a Parmegiana,25/08/2024,17.00,10.00
0584-agosto,Strogonoff de Carne,14/08/2024,25.00,15.00
0585-agosto,Strogonoff de Carne,10/08/2024,25.00,15.00
0586-agosto,Vatapa,29/08/2024,20.00,14.00
0587-agosto,Strogonoff de Carne,04/08/2024,25.00,15.00
0588-agosto,Risoto de Camarao,27/08/2024,30.00,17.00
0589-agosto,Frango a Parmegiana,07/08/2024,17.00,10.00
0590-agosto,Salmao Grelhado,08/08/2024,28.00,20.00
0591-agosto,Frango a Parmegiana,29/08/2024,17.00,10.00
0592-agosto,Espaguete a Bolonhesa,05/08/2024,18.00,9.00
0593-agosto,Strogonoff de Carne,04/08/2024,25.00,15.00
0594-agosto,Risoto de Camarao,26/08/2024,30.00,17.00
0595-agosto,Bife Acebolado,19/08/2024,28.00,18.00
0596-agosto,Espaguete a Bolonhesa,22/08/2024,18.00,9.00
0597-agosto,Lasanha Bolonhesa,01/08/2024,21.00,13.00
0598-agosto,Moqueca de Peixe,27/08/2024,18.00,11.00
0599-agosto,Espaguete a Bolonhesa,31/08/2024,18.00,9.00
0600-agosto,Vatapa,19/08/2024,20.00,14.00
0601-agosto,Vatapa,28/08/2024,20.00,14.00
0602-agosto,Lasanha Bolonhesa,10/08/2024,21.00,13.00
0603-agosto,Moqueca de Peixe,08/08/2024,18.00,11.00
0604-agosto,Vatapa,14/08/2024,20.00,14.00
0605-agosto,Espaguete a Bolonhesa,03/08/2024,18.00,9.00
0606-agosto,Bife Acebolado,09/08/2024,28.00,18.00
0607-agosto,Vatapa,29/08/2024,20.00,14.00
0608-agosto,Vatapa,12/08/2024,20.00,14.00
0609-agosto,Pizza Margherita,05/08/2024,35.00,26.00
0610-agosto,Frango a Parmegiana,25/08/2024,17.00,10.00
0611-agosto,Risoto de Camarao,17/08/2024,30.00,17.00
0612-agosto,Espaguete a Bolonhesa,30/08/2024,18.00,9.00
0613-agosto,Lasanha Bolonhesa,06/08/2024,21.00,13.00
0614-agosto,Vatapa,18/08/2024,20.00,14.00
0615-agosto,Frango a Parmegiana,03/08/2024,17.00,10.00
0616-agosto,Risoto de Camarao,07/08/2024,30.00,17.00
0617-agosto,Salmao Grelhado,29/08/2024,28.00,20.00
0618-agosto,Strogonoff de Carne,16/08/2024,25.00,15.00
0619-agosto,Bife Acebolado,26/08/2024,28.00,18.00
0620-agosto,Lasanha Bolonhesa,25/08/2024,21.00,13.00
0621-agosto,Vatapa,30/08/2024,20.00,14.00
0622-agosto,Vatapa,21/08/2024,20.00,14.00
0623-agosto,Pizza Margherita,24/08/2024,35.00,26.00
0624-agosto,Moqueca de Peixe,29/08/2024,18.00,11.00
0625-agosto,Frango a Parmegiana,14/08/2024,17.00,10.00
0626-agosto,Lasanha Bolonhesa,19/08/2024,21.00,13.00
0627-agosto,Vatapa,25/08/2024,20.00,14.00
0628-agosto,Espaguete a Bolonhesa,24/08/2024,18.00,9.00
0629-agosto,Lasanha Bolonhesa,07/08/2024,21.00,13.00
0630-agosto,Moqueca de Peixe,28/08/2024,18.00,11.00
0631-agosto,Lasanha Bolonhesa,02/08/2024,21.00,13.00
0632-agosto,Frango a Parmegiana,16/08/2024,17.00,10.00
0633-agosto,Risoto de Camarao,16/08/2024,30.00,17.00
0634-agosto,Risoto de Camarao,18/08/2024,30.00,17.00
0635-agosto,Vatapa,30/08/2024,20.00,14.00
0636-agosto,Bife Acebolado,31/08/2024,28.00,18.00
0637-agosto,Pizza Margherita,29/08/2024,35.00,26.00
0638-agosto,Vatapa,21/08/2024,20.00,14.00
0639-agosto,Lasanha Bolonhesa,14/08/2024,21.00,13.00
0640-agosto,Frango a Parmegiana,30/08/2024,17.00,10.00
0641-agosto,Salmao Grelhado,02/08/2024,28.00,20.00
0642-agosto,Salmao Grelhado,15/08/2024,28.00,20.00
0643-agosto,Pizza Margherita,23/08/2024,35.00,26.00
0644-agosto,Lasanha Bolonhesa,23/08/2024,21.00,13.00
0645-agosto,Espaguete a Bolonhesa,11/08/2024,18.00,9.00
0646-agosto,Frango a Parmegiana,22/08/2024,17.00,10.00
0647-agosto,Risoto de Camarao,26/08/2024,30.00,17.00
0648-agosto,Lasanha Bolonhesa,19/08/2024,21.00,13.00
0649-agosto,Espaguete a Bolonhesa,29/08/2024,18.00,9.00
0650-agosto,Salmao Grelhado,29/08/2024,28.00,20.00
0651-agosto,Lasanha Bolonhesa,20/08/2024,21.00,13.00
0652-agosto,Salmao Grelhado,05/08/2024,28.00,20.00
0653-agosto,Pizza Margherita,17/08/2024,35.00,26.00
0654-agosto,Lasanha Bolonhesa,04/08/2024,21.00,13.00
0655-agosto,Salmao Grelhado,14/08/2024,28.00,20.00
0656-agosto,Pizza Margherita,06/08/2024,35.00,26.00
0657-agosto,Moqueca de Peixe,07/08/2024,18.00,11.00
0658-agosto,Lasanha Bolonhesa,23/08/2024,21.00,13.00
0659-agosto,Strogonoff de Carne,15/08/2024,25.00,15.00
0660-agosto,Frango a Parmegiana,09/08/2024,17.00,10.00
0661-agosto,Bife Acebolado,15/08/2024,28.00,18.00
0662-agosto,Lasanha Bolonhesa,20/08/2024,21.00,13.00
0663-agosto,Pizza Margherita,31/08/2024,35.00,26.00
0664-agosto,Salmao Grelhado,09/08/2024,28.00,20.00
0665-agosto,Pizza Margherita,16/08/2024,35.00,26.00
0666-agosto,Bife Acebolado,29/08/2024,28.00,18.00
0667-agosto,Strogonoff de Carne,13/08/2024,25.00,15.00
0668-agosto,Espaguete a Bolonhesa,07/08/2024,18.00,9.00
0669-agosto,Espaguete a Bolonhesa,10/08/2024,18.00,9.00
0670-agosto,Vatapa,13/08/2024,20.00,14.00
0671-agosto,Lasanha Bolonhesa,22/08/2024,21.00,13.00
0672-agosto,Strogonoff de Carne,18/08/2024,25.00,15.00
0673-agosto,Bife Acebolado,04/08/2024,28.00,18.00
0674-agosto,Strogonoff de Carne,29/08/2024,25.00,15.00
0675-agosto,Salmao Grelhado,06/08/2024,28.00,20.00
0676-agosto,Vatapa,06/08/2024,20.00,14.00
0677-agosto,Moqueca de Peixe,30/08/2024,18.00,11.00
0678-agosto,Moqueca de Peixe,22/08/2024,18.00,11.00
0679-agosto,Lasanha Bolonhesa,05/08/2024,21.00,13.00
0680-agosto,Vatapa,20/08/2024,20.00,14.00
0681-agosto,Lasanha Bolonhesa,12/08/2024,21.00,13.00
0682-agosto,Espaguete a Bolonhesa,02/08/2024,18.00,9.00
0683-agosto,Frango a Parmegiana,26/08/2024,17.00,10.00
0684-agosto,Vatapa,25/08/2024,20.00,14.00
0685-agosto,Moqueca de Peixe,03/08/2024,18.00,11.00
0686-agosto,Frango a Parmegiana,26/08/2024,17.00,10.00
0687-agosto,Pizza Margherita,15/08/2024,35.00,26.00
0688-agosto,Salmao Grelhado,26/08/2024,28.00,20.00
0689-agosto,Salmao Grelhado,14/08/2024,28.00,20.00
0690-agosto,Pizza Margherita,21/08/2024,35.00,26.00
0691-agosto,Strogonoff de Carne,30/08/2024,25.00,15.00
0692-agosto,Pizza Margherita,24/08/2024,35.00,26.00
0693-agosto,Espaguete a Bolonhesa,09/08/2024,18.00,9.00
0694-agosto,Salmao Grelhado,17/08/2024,28.00,20.00
0695-agosto,Frango a Parmegiana,22/08/2024,17.00,10.00
0696-agosto,Strogonoff de Carne,02/08/2024,25.00,15.00
0697-agosto,Espaguete a Bolonhesa,27/08/2024,18.00,9.00
0698-agosto,Lasanha Bolonhesa,20/08/2024,21.00,13.00
0699-agosto,Pizza Margherita,24/08/2024,35.00,26.00
0700-agosto,Lasanha Bolonhesa,02/08/2024,21.00,13.00
0701-agosto,Frango a Parmegiana,07/08/2024,17.00,10.00
0702-agosto,Risoto de Camarao,27/08/2024,30.00,17.00
0703-agosto,Risoto de Camarao,17/08/2024,30.00,17.00
0704-agosto,Strogonoff de Carne,27/08/2024,25.00,15.00
0705-agosto,Pizza Margherita,12/08/2024,35.00,26.00
0706-agosto,Risoto de Camarao,29/08/2024,30.00,17.00
0707-agosto,Salmao Grelhado,27/08/2024,28.00,20.00
0708-agosto,Frango a Parmegiana,10/08/2024,17.00,10.00
0709-agosto,Frango a Parmegiana,22/08/2024,17.00,10.00
0710-agosto,Vatapa,20/08/2024,20.00,14.00
0711-agosto,Vatapa,20/08/2024,20.00,14.00
0712-agosto,Lasanha Bolonhesa,03/08/2024,21.00,13.00
0713-agosto,Frango a Parmegiana,05/08/2024,17.00,10.00
0714-agosto,Lasanha Bolonhesa,26/08/2024,21.00,13.00
0715-agosto,Strogonoff de Carne,31/08/2024,25.00,15.00
0716-agosto,Moqueca de Peixe,26/08/2024,18.00,11.00
0717-agosto,Pizza Margherita,05/08/2024,35.00,26.00
0718-agosto,Frango a Parmegiana,02/08/2024,17.00,10.00
0719-agosto,Pizza Margherita,23/08/2024,35.00,26.00
0720-agosto,Espaguete a Bolonhesa,28/08/2024,18.00,9.00
0721-agosto,Strogonoff de Carne,26/08/2024,25.00,15.00
0722-agosto,Espaguete a Bolonhesa,27/08/2024,18.00,9.00
0723-agosto,Moqueca de Peixe,12/08/2024,18.00,11.00
0724-agosto,Moqueca de Peixe,31/08/2024,18.00,11.00
0725-agosto,Frango a Parmegiana,06/08/2024,17.00,10.00
0726-agosto,Pizza Margherita,20/08/2024,35.00,26.00
0727-agosto,Vatapa,11/08/2024,20.00,14.00
0728-agosto,Bife Acebolado,30/08/2024,28.00,18.00
0729-agosto,Bife Acebolado,30/08/2024,28.00,18.00
0730-agosto,Pizza Margherita,21/08/2024,35.00,26.00
0731-agosto,Espaguete a Bolonhesa,01/08/2024,18.00,9.00
0732-agosto,Strogonoff de Carne,03/08/2024,25.00,15.00
0733-agosto,Salmao Grelhado,26/08/2024,28.00,20.00
0734-agosto,Strogonoff de Carne,21/08/2024,25.00,15.00
0735-agosto,Moqueca de Peixe,01/08/2024,18.00,11.00
0736-agosto,Moqueca de Peixe,27/08/2024,18.00,11.00
0737-agosto,Bife Acebolado,22/08/2024,28.00,18.00
0738-agosto,Lasanha Bolonhesa,10/08/2024,21.00,13.00
0739-agosto,Strogonoff de Carne,27/08/2024,25.00,15.00
0740-agosto,Risoto de Camarao,06/08/2024,30.00,17.00
0741-agosto,Espaguete a Bolonhesa,15/08/2024,18.00,9.00
0742-agosto,Pizza Margherita,06/08/2024,35.00,26.00
0743-agosto,Frango a Parmegiana,19/08/2024,17.00,10.00
0744-agosto,Strogonoff de Carne,28/08/2024,25.00,15.00
0745-agosto,Espaguete a Bolonhesa,30/08/2024,18.00,9.00
0746-agosto,Risoto de Camarao,18/08/2024,30.00,17.00
0747-agosto,Salmao Grelhado,09/08/2024,28.00,20.00
0748-agosto,Lasanha Bolonhesa,22/08/2024,21.00,13.00
0749-agosto,Frango a Parmegiana,06/08/2024,17.00,10.00
0750-agosto,Risoto de Camarao,03/08/2024,30.00,17.00
0751-agosto,Espaguete a Bolonhesa,11/08/2024,18.00,9.00
0752-agosto,Risoto de Camarao,01/08/2024,30.00,17.00
0753-agosto,Salmao Grelhado,19/08/2024,28.00,20.00
0754-agosto,Lasanha Bolonhesa,29/08/2024,21.00,13.00
0755-agosto,Bife Acebolado,11/08/2024,28.00,18.00
0756-agosto,Bife Acebolado,04/08/2024,28.00,18.00
0757-agosto,Strogonoff de Carne,10/08/2024,25.00,15.00
0758-agosto,Risoto de Camarao,26/08/2024,30.00,17.00
0759-agosto,Pizza Margherita,25/08/2024,35.00,26.00
0760-agosto,Pizza Margherita,25/08/2024,35.00,26.00
0761-agosto,Vatapa,29/08/2024,20.00,14.00
0762-agosto,Vatapa,31/08/2024,20.00,14.00
0763-agosto,Strogonoff de Carne,02/08/2024,25.00,15.00
0764-agosto,Pizza Margherita,17/08/2024,35.00,26.00
0765-agosto,Moqueca de Peixe,20/08/2024,18.00,11.00
0766-agosto,Frango a Parmegiana,12/08/2024,17.00,10.00
0767-agosto,Risoto de Camarao,12/08/2024,30.00,17.00
0768-agosto,Pizza Margherita,17/08/2024,35.00,26.00
0769-agosto,Pizza Margherita,08/08/2024,35.00,26.00
0770-agosto,Strogonoff de Carne,28/08/2024,25.00,15.00
0771-agosto,Vatapa,27/08/2024,20.00,14.00
0772-agosto,Bife Acebolado,25/08/2024,28.00,18.00
0773-agosto,Lasanha Bolonhesa,31/08/2024,21.00,13.00
0774-agosto,Frango a Parmegiana,06/08/2024,17.00,10.00
0775-agosto,Strogonoff de Carne,25/08/2024,25.00,15.00
0776-agosto,Pizza Margherita,04/08/2024,35.00,26.00
0777-agosto,Espaguete a Bolonhesa,17/08/2024,18.00,9.00
0778-agosto,Salmao Grelhado,07/08/2024,28.00,20.00
0779-agosto,Salmao Grelhado,02/08/2024,28.00,20.00
0780-agosto,Vatapa,02/08/2024,20.00,14.00
0781-agosto,Espaguete a Bolonhesa,12/08/2024,18.00,9.00
0782-agosto,Lasanha Bolonhesa,18/08/2024,21.00,13.00
0783-agosto,Vatapa,28/08/2024,20.00,14.00
0784-agosto,Risoto de Camarao,05/08/2024,30.00,17.00
0785-agosto,Lasanha Bolonhesa,28/08/2024,21.00,13.00
0786-agosto,Lasanha Bolonhesa,09/08/2024,21.00,13.00
0787-agosto,Lasanha Bolonhesa,29/08/2024,21.00,13.00
0788-agosto,Risoto de Camarao,08/08/2024,30.00,17.00
0789-agosto,Vatapa,06/08/2024,20.00,14.00
0790-agosto,Bife Acebolado,15/08/2024,28.00,18.00
0791-agosto,Risoto de Camarao,28/08/2024,30.00,17.00
0792-agosto,Strogonoff de Carne,23/08/2024,25.00,15.00
0793-agosto,Lasanha Bolonhesa,07/08/2024,21.00,13.00
0794-agosto,Frango a Parmegiana,21/08/2024,17.00,10.00
0795-agosto,Lasanha Bolonhesa,15/08/2024,21.00,13.00
0796-agosto,Frango a Parmegiana,05/08/2024,17.00,10.00
0797-agosto,Moqueca de Peixe,19/08/2024,18.00,11.00
0798-agosto,Pizza Margherita,08/08/2024,35.00,26.00
0799-agosto,Vatapa,11/08/2024,20.00,14.00
0800-agosto,Espaguete a Bolonhesa,24/08/2024,18.00,9.00
0801-agosto,Pizza Margherita,01/08/2024,35.00,26.00
0802-agosto,Espaguete a Bolonhesa,27/08/2024,18.00,9.00
0803-agosto,Bife Acebolado,02/08/2024,28.00,18.00
0804-agosto,Espaguete a Bolonhesa,09/08/2024,18.00,9.00
0805-agosto,Espaguete a Bolonhesa,29/08/2024,18.00,9.00
0806-agosto,Salmao Grelhado,07/08/2024,28.00,20.00
0807-agosto,Salmao Grelhado,23/08/2024,28.00,20.00
0808-agosto,Risoto de Camarao,20/08/2024,30.00,17.00
0809-agosto,Frango a Parmegiana,21/08/2024,17.00,10.00
0810-agosto,Espaguete a Bolonhesa,10/08/2024,18.00,9.00
0811-agosto,Strogonoff de Carne,03/08/2024,25.00,15.00
0812-agosto,Moqueca de Peixe,13/08/2024,18.00,11.00
0813-agosto,Moqueca de Peixe,18/08/2024,18.00,11.00
0814-agosto,Frango a Parmegiana,17/08/2024,17.00,10.00
0815-agosto,Risoto de Camarao,11/08/2024,30.00,17.00
0816-agosto,Risoto de Camarao,23/08/2024,30.00,17.00
0817-agosto,Lasanha Bolonhesa,27/08/2024,21.00,13.00
0818-agosto,Frango a Parmegiana,24/08/2024,17.00,10.00
0819-agosto,Bife Acebolado,16/08/2024,28.00,18.00
0820-agosto,Moqueca de Peixe,18/08/2024,18.00,11.00
0821-agosto,Risoto de Camarao,25/08/2024,30.00,17.00
0822-agosto,Risoto de Camarao,04/08/2024,30.00,17.00
0823-agosto,Frango a Parmegiana,20/08/2024,17.00,10.00
0824-agosto,Espaguete a Bolonhesa,28/08/2024,18.00,9.00
0825-agosto,Risoto de Camarao,14/08/2024,30.00,17.00
0826-agosto,Espaguete a Bolonhesa,06/08/2024,18.00,9.00
0827-agosto,Frango a Parmegiana,09/08/2024,17.00,10.00
0828-agosto,Risoto de Camarao,06/08/2024,30.00,17.00
0829-agosto,Strogonoff de Carne,16/08/2024,25.00,15.00
0830-agosto,Salmao Grelhado,04/08/2024,28.00,20.00
0831-agosto,Salmao Grelhado,30/08/2024,28.00,20.00
0832-agosto,Moqueca de Peixe,05/08/2024,18.00,11.00
0833-agosto,Frango a Parmegiana,29/08/2024,17.00,10.00
0834-agosto,Pizza Margherita,12/08/2024,35.00,26.00
0835-agosto,Espaguete a Bolonhesa,13/08/2024,18.00,9.00
0836-agosto,Lasanha Bolonhesa,07/08/2024,21.00,13.00
0837-agosto,Vatapa,28/08/2024,20.00,14.00
0838-agosto,Vatapa,23/08/2024,20.00,14.00
0839-agosto,Strogonoff de Carne,13/08/2024,25.00,15.00
0840-agosto,Moqueca de Peixe,13/08/2024,18.00,11.00
0841-agosto,Espaguete a Bolonhesa,11/08/2024,18.00,9.00
0842-agosto,Lasanha Bolonhesa,18/08/2024,21.00,13.00
0843-agosto,Risoto de Camarao,31/08/2024,30.00,17.00
0844-agosto,Lasanha Bolonhesa,31/08/2024,21.00,13.00
0845-agosto,Espaguete a Bolonhesa,02/08/2024,18.00,9.00
0846-agosto,Frango a Parmegiana,07/08/2024,17.00,10.00
0847-agosto,Risoto de Camarao,11/08/2024,30.00,17.00
0848-agosto,Lasanha Bolonhesa,22/08/2024,21.00,13.00
0849-agosto,Espaguete a Bolonhesa,17/08/2024,18.00,9.00
0850-agosto,Vatapa,13/08/2024,20.00,14.00
0851-agosto,Risoto de Camarao,09/08/2024,30.00,17.00
0852-agosto,Salmao Grelhado,29/08/2024,28.00,20.00
0853-agosto,Moqueca de Peixe,14/08/2024,18.00,11.00
0854-agosto,Vatapa,21/08/2024,20.00,14.00
0855-agosto,Frango a Parmegiana,21/08/2024,17.00,10.00
0856-agosto,Lasanha Bolonhesa,09/08/2024,21.00,13.00
0857-agosto,Pizza Margherita,11/08/2024,35.00,26.00
0858-agosto,Lasanha Bolonhesa,01/08/2024,21.00,13.00
0859-agosto,Strogonoff de Carne,05/08/2024,25.00,15.00
0860-agosto,Espaguete a Bolonhesa,14/08/2024,18.00,9.00
0861-agosto,Lasanha Bolonhesa,26/08/2024,21.00,13.00
0862-agosto,Risoto de Camarao,28/08/2024,30.00,17.00
0863-agosto,Salmao Grelhado,17/08/2024,28.00,20.00
0864-agosto,Pizza Margherita,02/08/2024,35.00,26.00
0865-agosto,Pizza Margherita,08/08/2024,35.00,26.00
0866-agosto,Moqueca de Peixe,14/08/2024,18.00,11.00
0867-agosto,Bife Acebolado,07/08/2024,28.00,18.00
0868-agosto,Espaguete a Bolonhesa,24/08/2024,18.00,9.00
0869-agosto,Lasanha Bolonhesa,10/08/2024,21.00,13.00
0870-agosto,Vatapa,03/08/2024,20.00,14.00
0871-agosto,Risoto de Camarao,22/08/2024,30.00,17.00
0872-agosto,Espaguete a Bolonhesa,08/08/2024,18.00,9.00
0873-agosto,Strogonoff de Carne,14/08/2024,25.00,15.00
0874-agosto,Strogonoff de Carne,27/08/2024,25.00,15.00
0875-agosto,Espaguete a Bolonhesa,20/08/2024,18.00,9.00
0876-agosto,Vatapa,30/08/2024,20.00,14.00
0877-agosto,Strogonoff de Carne,30/08/2024,25.00,15.00
0878-agosto,Pizza Margherita,28/08/2024,35.00,26.00
0879-agosto,Salmao Grelhado,08/08/2024,28.00,20.00
0880-agosto,Moqueca de Peixe,05/08/2024,18.00,11.00
0881-agosto,Risoto de Camarao,03/08/2024,30.00,17.00
0882-agosto,Frango a Parmegiana,06/08/2024,17.00,10.00
0883-agosto,Pizza Margherita,28/08/2024,35.00,26.00
0884-agosto,Risoto de Camarao,29/08/2024,30.00,17.00
0885-agosto,Espaguete a Bolonhesa,05/08/2024,18.00,9.00
0886-agosto,Risoto de Camarao,09/08/2024,30.00,17.00
0887-agosto,Espaguete a Bolonhesa,27/08/2024,18.00,9.00
0888-agosto,Bife Acebolado,19/08/2024,28.00,18.00
0889-agosto,Pizza Margherita,02/08/2024,35.00,26.00
0890-agosto,Bife Acebolado,16/08/2024,28.00,18.00
0891-agosto,Strogonoff de Carne,05/08/2024,25.00,15.00
0892-agosto,Strogonoff de Carne,31/08/2024,25.00,15.00
0893-agosto,Bife Acebolado,21/08/2024,28.00,18.00
0894-agosto,Risoto de Camarao,07/08/2024,30.00,17.00
0895-agosto,Pizza Margherita,19/08/2024,35.00,26.00
0896-agosto,Espaguete a Bolonhesa,11/08/2024,18.00,9.00
0897-agosto,Frango a Parmegiana,24/08/2024,17.00,10.00
0898-agosto,Salmao Grelhado,05/08/2024,28.00,20.00
0899-agosto,Moqueca de Peixe,08/08/2024,18.00,11.00
0900-agosto,Pizza Margherita,29/08/2024,35.00,26.00
0901-agosto,Moqueca de Peixe,13/08/2024,18.00,11.00
0902-agosto,Lasanha Bolonhesa,24/08/2024,21.00,13.00
0903-agosto,Strogonoff de Carne,24/08/2024,25.00,15.00
0904-agosto,Espaguete a Bolonhesa,16/08/2024,18.00,9.00
0905-agosto,Pizza Margherita,25/08/2024,35.00,26.00
0906-agosto,Vatapa,21/08/2024,20.00,14.00
0907-agosto,Pizza Margherita,14/08/2024,35.00,26.00
0908-agosto,Risoto de Camarao,18/08/2024,30.00,17.00
0909-agosto,Frango a Parmegiana,09/08/2024,17.00,10.00
0910-agosto,Pizza Margherita,28/08/2024,35.00,26.00
0911-agosto,Lasanha Bolonhesa,10/08/2024,21.00,13.00
0912-agosto,Lasanha Bolonhesa,01/08/2024,21.00,13.00
0913-agosto,Bife Acebolado,24/08/2024,28.00,18.00
0914-agosto,Risoto de Camarao,28/08/2024,30.00,17.00
0915-agosto,Strogonoff de Carne,15/08/2024,25.00,15.00
0916-agosto,Frango a Parmegiana,31/08/2024,17.00,10.00
0917-agosto,Bife Acebolado,13/08/2024,28.00,18.00
0918-agosto,Moqueca de Peixe,25/08/2024,18.00,11.00
0919-agosto,Salmao Grelhado,20/08/2024,28.00,20.00
0920-agosto,Salmao Grelhado,09/08/2024,28.00,20.00
0921-agosto,Risoto de Camarao,08/08/2024,30.00,17.00
0922-agosto,Lasanha Bolonhesa,03/08/2024,21.00,13.00
0923-agosto,Moqueca de Peixe,23/08/2024,18.00,11.00
0924-agosto,Salmao Grelhado,22/08/2024,28.00,20.00
0925-agosto,Lasanha Bolonhesa,20/08/2024,21.00,13.00
0926-agosto,Lasanha Bolonhesa,09/08/2024,21.00,13.00
0927-agosto,Vatapa,28/08/2024,20.00,14.00
0928-agosto,Risoto de Camarao,15/08/2024,30.00,17.00
0929-agosto,Vatapa,19/08/2024,20.00,14.00
0930-agosto,Frango a Parmegiana,02/08/2024,17.00,10.00
0931-agosto,Pizza Margherita,17/08/2024,35.00,26.00
0932-agosto,Salmao Grelhado,08/08/2024,28.00,20.00
0933-agosto,Risoto de Camarao,03/08/2024,30.00,17.00
0934-agosto,Espaguete a Bolonhesa,16/08/2024,18.00,9.00
0935-agosto,Strogonoff de Carne,09/08/2024,25.00,15.00
0936-agosto,Espaguete a Bolonhesa,03/08/2024,18.00,9.00
0937-agosto,Frango a Parmegiana,01/08/2024,17.00,10.00
0938-agosto,Moqueca de Peixe,23/08/2024,18.00,11.00
0939-agosto,Risoto de Camarao,14/08/2024,30.00,17.00
0940-agosto,Vatapa,27/08/2024,20.00,14.00
0941-agosto,Salmao Grelhado,07/08/2024,28.00,20.00
0942-agosto,Risoto de Camarao,24/08/2024,30.00,17.00
0943-agosto,Risoto de Camarao,28/08/2024,30.00,17.00
0944-agosto,Espaguete a Bolonhesa,05/08/2024,18.00,9.00
0945-agosto,Bife Acebolado,30/08/2024,28.00,18.00
0946-agosto,Vatapa,31/08/2024,20.00,14.00
0947-agosto,Lasanha Bolonhesa,17/08/2024,21.00,13.00
0948-agosto,Salmao Grelhado,09/08/2024,28.00,20.00
0949-agosto,Frango a Parmegiana,25/08/2024,17.00,10.00
0950-agosto,Salmao Grelhado,06/08/2024,28.00,20.00
0951-agosto,Pizza Margherita,02/08/2024,35.00,26.00
0952-agosto,Strogonoff de Carne,20/08/2024,25.00,15.00
0953-agosto,Espaguete a Bolonhesa,24/08/2024,18.00,9.00
0954-agosto,Frango a Parmegiana,27/08/2024,17.00,10.00
0955-agosto,Moqueca de Peixe,29/08/2024,18.00,11.00
0956-agosto,Frango a Parmegiana,25/08/2024,17.00,10.00
0957-agosto,Moqueca de Peixe,25/08/2024,18.00,11.00
0958-agosto,Risoto de Camarao,03/08/2024,30.00,17.00
0959-agosto,Espaguete a Bolonhesa,10/08/2024,18.00,9.00
0960-agosto,Frango a Parmegiana,16/08/2024,17.00,10.00
0961-agosto,Bife Acebolado,02/08/2024,28.00,18.00
0962-agosto,Espaguete a Bolonhesa,07/08/2024,18.00,9.00
0963-agosto,Espaguete a Bolonhesa,04/08/2024,18.00,9.00
0964-agosto,Strogonoff de Carne,02/08/2024,25.00,15.00
0965-agosto,Strogonoff de Carne,24/08/2024,25.00,15.00
0966-agosto,Vatapa,09/08/2024,20.00,14.00
0967-agosto,Vatapa,29/08/2024,20.00,14.00
0968-agosto,Strogonoff de Carne,12/08/2024,25.00,15.00
0969-agosto,Moqueca de Peixe,07/08/2024,18.00,11.00
0970-agosto,Pizza Margherita,02/08/2024,35.00,26.00
0971-agosto,Vatapa,11/08/2024,20.00,14.00
0972-agosto,Lasanha Bolonhesa,07/08/2024,21.00,13.00
0973-agosto,Moqueca de Peixe,23/08/2024,18.00,11.00
0974-agosto,Lasanha Bolonhesa,04/08/2024,21.00,13.00
0975-agosto,Vatapa,06/08/2024,20.00,14.00
0976-agosto,Bife Acebolado,06/08/2024,28.00,18.00
0977-agosto,Lasanha Bolonhesa,19/08/2024,21.00,13.00
0978-agosto,Vatapa,04/08/2024,20.00,14.00
0979-agosto,Moqueca de Peixe,14/08/2024,18.00,11.00
0980-agosto,Espaguete a Bolonhesa,04/08/2024,18.00,9.00
0981-agosto,Risoto de Camarao,19/08/2024,30.00,17.00
0982-agosto,Moqueca de Peixe,06/08/2024,18.00,11.00
0983-agosto,Bife Acebolado,23/08/2024,28.00,18.00
0984-agosto,Strogonoff de Carne,26/08/2024,25.00,15.00
0985-agosto,Salmao Grelhado,01/08/2024,28.00,20.00
0986-agosto,Pizza Margherita,03/08/2024,35.00,26.00
0987-agosto,Espaguete a Bolonhesa,17/08/2024,18.00,9.00
0988-agosto,Moqueca de Peixe,04/08/2024,18.00,11.00
0989-agosto,Frango a Parmegiana,14/08/2024,17.00,10.00
0990-agosto,Risoto de Camarao,31/08/2024,30.00,17.00
0991-agosto,Salmao Grelhado,28/08/2024,28.00,20.00
0992-agosto,Bife Acebolado,05/08/2024,28.00,18.00
0993-agosto,Frango a Parmegiana,27/08/2024,17.00,10.00
0994-agosto,Bife Acebolado,30/08/2024,28.00,18.00
0995-agosto,Vatapa,12/08/2024,20.00,14.00
0996-agosto,Bife Acebolado,26/08/2024,28.00,18.00
0997-agosto,Strogonoff de Carne,15/08/2024,25.00,15.00
0998-agosto,Risoto de Camarao,03/08/2024,30.00,17.00
0999-agosto,Bife Acebolado,19/08/2024,28.00,18.00
1000-agosto,Espaguete a Bolonhesa,09/08/2024,18.00,9.00
1001-agosto,Pizza Margherita,25/08/2024,35.00,26.00
1002-agosto,Vatapa,03/08/2024,20.00,14.00
1003-agosto,Risoto de Camarao,24/08/2024,30.00,17.00
1004-agosto,Strogonoff de Carne,16/08/2024,25.00,15.00
1005-agosto,Bife Acebolado,09/08/2024,28.00,18.00
1006-agosto,Frango a Parmegiana,22/08/2024,17.00,10.00
1007-agosto,Moqueca de Peixe,27/08/2024,18.00,11.00
1008-agosto,Vatapa,09/08/2024,20.00,14.00
1009-agosto,Salmao Grelhado,12/08/2024,28.00,20.00
1010-agosto,Vatapa,14/08/2024,20.00,14.00
1011-agosto,Salmao Grelhado,17/08/2024,28.00,20.00
1012-agosto,Moqueca de Peixe,25/08/2024,18.00,11.00
1013-agosto,Moqueca de Peixe,23/08/2024,18.00,11.00
1014-agosto,Espaguete a Bolonhesa,25/08/2024,18.00,9.00
1015-agosto,Vatapa,04/08/2024,20.00,14.00
1016-agosto,Bife Acebolado,25/08/2024,28.00,18.00
1017-agosto,Salmao Grelhado,21/08/2024,28.00,20.00
1018-agosto,Moqueca de Peixe,22/08/2024,18.00,11.00
1019-agosto,Frango a Parmegiana,02/08/2024,17.00,10.00
1020-agosto,Bife Acebolado,05/08/2024,28.00,18.00
1021-agosto,Moqueca de Peixe,31/08/2024,18.00,11.00
1022-agosto,Espaguete a Bolonhesa,05/08/2024,18.00,9.00
1023-agosto,Moqueca de Peixe,03/08/2024,18.00,11.00
1024-agosto,Pizza Margherita,16/08/2024,35.00,26.00
1025-agosto,Vatapa,08/08/2024,20.00,14.00
1026-agosto,Moqueca de Peixe,26/08/2024,18.00,11.00
1027-agosto,Espaguete a Bolonhesa,08/08/2024,18.00,9.00
1028-agosto,Salmao Grelhado,11/08/2024,28.00,20.00
1029-agosto,Frango a Parmegiana,11/08/2024,17.00,10.00
1030-agosto,Bife Acebolado,18/08/2024,28.00,18.00
1031-agosto,Moqueca de Peixe,06/08/2024,18.00,11.00
1032-agosto,Frango a Parmegiana,04/08/2024,17.00,10.00
1033-agosto,Strogonoff de Carne,03/08/2024,25.00,15.00
1034-agosto,Strogonoff de Carne,24/08/2024,25.00,15.00
1035-agosto,Pizza Margherita,17/08/2024,35.00,26.00
1036-agosto,Moqueca de Peixe,13/08/2024,18.00,11.00
1037-agosto,Risoto de Camarao,05/08/2024,30.00,17.00
1038-agosto,Frango a Parmegiana,12/08/2024,17.00,10.00
1039-agosto,Risoto de Camarao,23/08/2024,30.00,17.00
1040-agosto,Strogonoff de Carne,14/08/2024,25.00,15.00
1041-agosto,Espaguete a Bolonhesa,05/08/2024,18.00,9.00
1042-agosto,Espaguete a Bolonhesa,19/08/2024,18.00,9.00
1043-agosto,Espaguete a Bolonhesa,24/08/2024,18.00,9.00
1044-agosto,Risoto de Camarao,18/08/2024,30.00,17.00
1045-agosto,Risoto de Camarao,27/08/2024,30.00,17.00
1046-agosto,Lasanha Bolonhesa,04/08/2024,21.00,13.00
1047-agosto,Moqueca de Peixe,06/08/2024,18.00,11.00
1048-agosto,Pizza Margherita,04/08/2024,35.00,26.00
1049-agosto,Frango a Parmegiana,06/08/2024,17.00,10.00
1050-agosto,Frango a Parmegiana,20/08/2024,17.00,10.00
1051-agosto,Pizza Margherita,16/08/2024,35.00,26.00
1052-agosto,Moqueca de Peixe,28/08/2024,18.00,11.00
1053-agosto,Risoto de Camarao,18/08/2024,30.00,17.00
1054-agosto,Lasanha Bolonhesa,20/08/2024,21.00,13.00
1055-agosto,Pizza Margherita,28/08/2024,35.00,26.00
1056-agosto,Pizza Margherita,09/08/2024,35.00,26.00
1057-agosto,Pizza Margherita,10/08/2024,35.00,26.00
1058-agosto,Moqueca de Peixe,24/08/2024,18.00,11.00
1059-agosto,Bife Acebolado,13/08/2024,28.00,18.00
1060-agosto,Bife Acebolado,12/08/2024,28.00,18.00
1061-agosto,Lasanha Bolonhesa,18/08/2024,21.00,13.00
1062-agosto,Vatapa,10/08/2024,20.00,14.00
1063-agosto,Moqueca de Peixe,24/08/2024,18.00,11.00
1064-agosto,Moqueca de Peixe,09/08/2024,18.00,11.00
1065-agosto,Lasanha Bolonhesa,29/08/2024,21.00,13.00
1066-agosto,Frango a Parmegiana,26/08/2024,17.00,10.00
1067-agosto,Risoto de Camarao,07/08/2024,30.00,17.00
1068-agosto,Bife Acebolado,18/08/2024,28.00,18.00
1069-agosto,Risoto de Camarao,18/08/2024,30.00,17.00
1070-agosto,Vatapa,16/08/2024,20.00,14.00
1071-agosto,Frango a Parmegiana,08/08/2024,17.00,10.00
1072-agosto,Vatapa,06/08/2024,20.00,14.00
1073-agosto,Lasanha Bolonhesa,10/08/2024,21.00,13.00
1074-agosto,Bife Acebolado,13/08/2024,28.00,18.00
1075-agosto,Strogonoff de Carne,24/08/2024,25.00,15.00
1076-agosto,Risoto de Camarao,06/08/2024,30.00,17.00
1077-agosto,Strogonoff de Carne,28/08/2024,25.00,15.00
1078-agosto,Frango a Parmegiana,20/08/2024,17.00,10.00
1079-agosto,Bife Acebolado,25/08/2024,28.00,18.00
1080-agosto,Bife Acebolado,19/08/2024,28.00,18.00
1081-agosto,Moqueca de Peixe,13/08/2024,18.00,11.00
1082-agosto,Salmao Grelhado,12/08/2024,28.00,20.00
1083-agosto,Moqueca de Peixe,28/08/2024,18.00,11.00
1084-agosto,Moqueca de Peixe,22/08/2024,18.00,11.00
1085-agosto,Salmao Grelhado,12/08/2024,28.00,20.00
1086-agosto,Vatapa,16/08/2024,20.00,14.00
1087-agosto,Salmao Grelhado,18/08/2024,28.00,20.00
1088-agosto,Bife Acebolado,08/08/2024,28.00,18.00
1089-agosto,Risoto de Camarao,04/08/2024,30.00,17.00
1090-agosto,Strogonoff de Carne,04/08/2024,25.00,15.00
1091-agosto,Pizza Margherita,01/08/2024,35.00,26.00
1092-agosto,Moqueca de Peixe,23/08/2024,18.00,11.00
1093-agosto,Strogonoff de Carne,14/08/2024,25.00,15.00
1094-agosto,Salmao Grelhado,09/08/2024,28.00,20.00
1095-agosto,Pizza Margherita,10/08/2024,35.00,26.00
1096-agosto,Risoto de Camarao,21/08/2024,30.00,17.00
1097-agosto,Lasanha Bolonhesa,08/08/2024,21.00,13.00
1098-agosto,Vatapa,08/08/2024,20.00,14.00
1099-agosto,Espaguete a Bolonhesa,20/08/2024,18.00,9.00
1100-agosto,Frango a Parmegiana,31/08/2024,17.00,10.00
1101-agosto,Risoto de Camarao,11/08/2024,30.00,17.00
1102-agosto,Espaguete a Bolonhesa,25/08/2024,18.00,9.00
1103-agosto,Strogonoff de Carne,03/08/2024,25.00,15.00
1104-agosto,Pizza Margherita,20/08/2024,35.00,26.00
1105-agosto,Lasanha Bolonhesa,09/08/2024,21.00,13.00
1106-agosto,Frango a Parmegiana,18/08/2024,17.00,10.00
1107-agosto,Risoto de Camarao,16/08/2024,30.00,17.00
1108-agosto,Strogonoff de Carne,25/08/2024,25.00,15.00
1109-agosto,Moqueca de Peixe,20/08/2024,18.00,11.00
1110-agosto,Risoto de Camarao,29/08/2024,30.00,17.00
1111-agosto,Bife Acebolado,01/08/2024,28.00,18.00
1112-agosto,Frango a Parmegiana,30/08/2024,17.00,10.00
1113-agosto,Bife Acebolado,23/08/2024,28.00,18.00
1114-agosto,Frango a Parmegiana,27/08/2024,17.00,10.00
1115-agosto,Vatapa,19/08/2024,20.00,14.00
